City_ID,City,Country,Date,Lat,Lng,Max Temp,Humidity,Cloudiness,Wind Speed
0,Mataura,NZ,2021-12-10 02:32:27,-46.1927,168.8643,61.48,37,59,7.58
1,Lasa,IT,2021-12-10 02:32:27,46.6166,10.7002,23.02,74,13,2.64
2,Dikson,RU,2021-12-10 02:32:29,73.5069,80.5464,-26.61,97,49,5.77
3,Baturaja,ID,2021-12-10 02:32:32,-4.1333,104.1667,77.74,90,98,4.5
4,Jucurutu,BR,2021-12-10 02:32:37,-6.0339,-37.0203,83.12,59,87,6.82
5,Arraial Do Cabo,BR,2021-12-10 02:28:26,-22.9661,-42.0278,71.56,78,1,9.17
6,Hermanus,ZA,2021-12-10 02:32:39,-34.4187,19.2345,65.8,89,98,8.19
7,Rikitea,PF,2021-12-10 02:32:39,-23.1203,-134.9692,75.81,74,70,19.33
8,Caibarien,CU,2021-12-10 02:32:41,22.5206,-79.4669,70.92,77,26,11.65
9,Jamestown,US,2021-12-10 02:32:42,42.097,-79.2353,35.19,68,100,5.99
10,Ushuaia,AR,2021-12-10 02:32:42,-54.8,-68.3,51.46,62,20,12.66
11,Cape Town,ZA,2021-12-10 02:32:45,-33.9258,18.4232,64.11,84,20,1.99
12,Avarua,CK,2021-12-10 02:32:46,-21.2078,-159.775,80.65,74,76,6.91
13,Ambon,ID,2021-12-10 02:29:11,-3.6954,128.1814,89.74,62,40,6.91
14,Luderitz,NA,2021-12-10 02:32:47,-26.6481,15.1594,60.03,81,0,6.42
15,Hilo,US,2021-12-10 02:28:57,19.7297,-155.09,81.28,38,90,6.91
16,Hobart,AU,2021-12-10 02:30:02,-42.8794,147.3294,62.11,71,75,1.99
17,Bluff,NZ,2021-12-10 02:32:51,-46.6,168.3333,61.81,61,57,11.61
18,Le Mars,US,2021-12-10 02:32:51,42.7942,-96.1656,38.57,75,90,0.0
19,Mount Gambier,AU,2021-12-10 02:32:52,-37.8333,140.7667,64.31,52,90,14.97
20,Punta Arenas,CL,2021-12-10 02:32:54,-53.15,-70.9167,50.11,62,0,4.61
21,Klaksvik,FO,2021-12-10 02:32:55,62.2266,-6.589,43.72,82,100,22.32
22,Cidreira,BR,2021-12-10 02:32:56,-30.1811,-50.2056,66.33,67,4,9.33
23,Ilulissat,GL,2021-12-10 02:32:56,69.2167,-51.1,21.22,49,87,11.5
24,Arman,RU,2021-12-10 02:32:11,59.7,150.1667,4.89,67,100,6.78
25,La Ronge,CA,2021-12-10 02:32:57,55.1001,-105.2842,19.65,86,90,5.75
26,Vardo,NO,2021-12-10 02:32:57,70.3705,31.1107,22.59,82,18,23.22
27,Puerto Ayora,EC,2021-12-10 02:33:00,-0.7393,-90.3518,70.2,88,96,6.51
28,Port Alfred,ZA,2021-12-10 02:33:00,-33.5906,26.891,70.11,94,44,6.2
29,Sitka,US,2021-12-10 02:33:01,57.0531,-135.33,37.29,75,90,10.36
30,Luanda,AO,2021-12-10 02:32:09,-8.8368,13.2343,77.0,88,75,4.61
31,Zhigansk,RU,2021-12-10 02:29:07,66.7697,123.3711,-9.24,97,100,20.92
32,Kapaa,US,2021-12-10 02:33:07,22.0752,-159.319,80.58,81,20,1.99
33,Tiksi,RU,2021-12-10 02:33:12,71.6872,128.8694,-9.72,98,100,7.36
34,Airai,TL,2021-12-10 02:33:13,-8.9266,125.4092,73.56,62,74,1.48
35,Severo-Kurilsk,RU,2021-12-10 02:33:13,50.6789,156.125,36.41,82,6,8.95
36,Tasiilaq,GL,2021-12-10 02:33:14,65.6145,-37.6368,26.76,59,100,7.7
37,East London,ZA,2021-12-10 02:32:37,-33.0153,27.9116,67.42,81,3,3.2
38,Castro,BR,2021-12-10 02:33:15,-24.7911,-50.0119,52.65,96,0,5.12
39,Callaway,US,2021-12-10 02:33:17,30.153,-85.5699,66.99,95,90,4.0
40,Los Llanos De Aridane,ES,2021-12-10 02:33:21,28.6585,-17.9182,61.12,74,75,14.0
41,Tigre,AR,2021-12-10 02:33:23,-34.426,-58.5796,74.21,83,0,12.66
42,Vestmannaeyjar,IS,2021-12-10 02:33:24,63.4427,-20.2734,36.21,81,100,8.5
43,Vila Do Maio,CV,2021-12-10 02:34:27,15.1333,-23.2167,72.39,69,89,17.43
44,Keuruu,FI,2021-12-10 02:34:27,62.2667,24.7,15.98,90,100,10.33
45,Cabo San Lucas,MX,2021-12-10 02:34:30,22.8909,-109.9124,75.51,68,1,23.02
46,Port Elizabeth,ZA,2021-12-10 02:34:30,-33.918,25.5701,68.29,100,75,5.75
47,Tuktoyaktuk,CA,2021-12-10 02:34:32,69.4541,-133.0374,-5.8,84,1,9.22
48,Srednekolymsk,RU,2021-12-10 02:34:33,67.45,153.6833,-44.73,100,95,4.5
49,Provideniya,RU,2021-12-10 02:34:37,64.3833,-173.3,5.11,78,75,13.42
50,Hammond,US,2021-12-10 02:32:22,41.5834,-87.5,44.8,80,90,6.91
51,Hithadhoo,MV,2021-12-10 02:34:44,-0.6,73.0833,81.64,77,78,12.57
52,Butaritari,KI,2021-12-10 02:34:45,3.0707,172.7902,82.35,77,100,8.03
53,Albany,US,2021-12-10 02:30:09,42.6001,-73.9662,30.81,77,100,4.0
54,Atuona,PF,2021-12-10 02:34:47,-9.8,-139.0333,78.53,68,69,13.11
55,Blois,FR,2021-12-10 02:34:48,47.5833,1.3333,46.74,80,100,21.54
56,Chalus,IR,2021-12-10 02:34:48,36.655,51.4204,60.26,72,40,6.91
57,Aci Castello,IT,2021-12-10 02:34:51,37.5583,15.1346,48.61,68,0,8.01
58,Vaini,TO,2021-12-10 02:34:51,-21.2,-175.2,84.36,79,20,10.36
59,Namibe,AO,2021-12-10 02:34:52,-15.1961,12.1522,69.94,67,87,6.08
60,Mizan Teferi,ET,2021-12-10 02:34:52,6.9833,35.5833,63.12,67,36,3.33
61,Saint George,US,2021-12-10 02:30:31,37.1041,-113.5841,48.67,88,90,1.01
62,Bacolod,PH,2021-12-10 02:34:53,10.6667,122.95,81.3,82,84,16.84
63,Imeni Poliny Osipenko,RU,2021-12-10 02:34:54,52.4201,136.4853,22.1,89,100,4.25
64,Saint-Philippe,RE,2021-12-10 02:34:56,-21.3585,55.7679,76.55,77,41,8.68
65,Busselton,AU,2021-12-10 02:34:57,-33.65,115.3333,76.05,56,83,13.38
66,Nikolskoye,RU,2021-12-10 02:34:57,59.7035,30.7861,0.81,96,20,5.21
67,Ribeira Grande,PT,2021-12-10 02:34:58,38.5167,-28.7,63.39,63,98,12.03
68,Cranbrook,CA,2021-12-10 02:30:10,49.4999,-115.7688,25.66,80,40,9.22
69,Hami,CN,2021-12-10 02:34:59,42.8,93.45,30.15,41,100,5.82
70,Valdivia,CL,2021-12-10 02:30:18,-39.8142,-73.2459,69.89,52,0,3.09
71,Kutum,SD,2021-12-10 02:34:41,14.2,24.6667,56.5,26,0,4.99
72,Redmond,US,2021-12-10 02:30:22,47.674,-122.1215,42.39,88,60,3.0
73,Trincomalee,LK,2021-12-10 02:35:00,8.5711,81.2335,82.24,74,99,14.09
74,Boden,SE,2021-12-10 02:35:01,65.8252,21.6886,28.4,94,99,6.51
75,Beausejour,CA,2021-12-10 02:35:07,50.0622,-96.5167,22.86,92,8,9.4
76,Jumla,NP,2021-12-10 02:35:08,29.2747,82.1838,44.73,23,0,1.41
77,Kondinskoye,RU,2021-12-10 02:35:08,59.6481,67.41,19.24,85,100,11.14
78,Nouakchott,MR,2021-12-10 02:35:08,18.0858,-15.9785,68.88,26,62,14.54
79,Viking,CA,2021-12-10 02:35:10,53.1001,-111.7684,17.46,87,89,7.94
80,Chernyakhovsk,RU,2021-12-10 02:35:10,54.6335,21.8156,32.79,91,100,14.43
81,Waingapu,ID,2021-12-10 02:35:12,-9.6567,120.2641,87.24,65,63,5.12
82,Wanaka,NZ,2021-12-10 02:35:13,-44.7,169.15,63.75,68,100,7.52
83,Ixtapa,MX,2021-12-10 02:35:14,20.7,-105.2,74.43,73,1,0.0
84,Dhidhdhoo,MV,2021-12-10 02:35:15,6.8833,73.1,81.7,78,97,9.6
85,Paamiut,GL,2021-12-10 02:35:15,61.994,-49.6678,23.02,95,100,5.66
86,Te Anau,NZ,2021-12-10 02:35:17,-45.4167,167.7167,70.84,33,95,5.03
87,Maningrida,AU,2021-12-10 02:35:17,-12.0667,134.2667,90.66,56,100,7.47
88,Havre-Saint-Pierre,CA,2021-12-10 02:36:20,50.2334,-63.5986,15.8,61,20,16.11
89,Isangel,VU,2021-12-10 02:36:21,-19.55,169.2667,85.66,67,48,10.07
90,Puke,AL,2021-12-10 02:36:27,42.0444,19.8997,37.49,99,100,3.4
91,Sligo,IE,2021-12-10 02:36:27,54.2697,-8.4694,38.68,71,90,24.76
92,Nouadhibou,MR,2021-12-10 02:36:32,20.931,-17.0347,65.1,71,93,17.83
93,Upernavik,GL,2021-12-10 02:36:33,72.7868,-56.1549,0.1,99,92,9.19
94,Nelson Bay,AU,2021-12-10 02:36:37,-32.7167,152.15,78.96,35,0,4.0
95,Pecos,US,2021-12-10 02:34:12,31.4229,-103.4932,69.87,15,75,6.91
96,Bayji,IQ,2021-12-10 02:36:38,34.9311,43.487,52.2,67,0,7.58
97,Matagami,CA,2021-12-10 02:36:38,49.7502,-77.6328,-0.29,78,75,11.5
98,Pisco,PE,2021-12-10 02:36:40,-13.7,-76.2167,66.25,77,0,12.66
99,Vila Franca Do Campo,PT,2021-12-10 02:36:42,37.7167,-25.4333,57.2,75,33,1.66
100,Mullovka,RU,2021-12-10 02:36:45,54.2,49.4,28.22,95,100,6.73
101,Carnarvon,AU,2021-12-10 02:36:46,-24.8667,113.6333,78.87,65,0,17.27
102,Gladstone,AU,2021-12-10 02:36:47,-23.85,151.25,90.79,58,68,11.5
103,Grindavik,IS,2021-12-10 02:36:51,63.8424,-22.4338,34.27,100,75,5.75
104,Chandpur,IN,2021-12-10 02:36:52,29.15,78.2667,58.35,56,0,4.38
105,Leningradskiy,RU,2021-12-10 02:36:57,69.3833,178.4167,-12.44,92,100,22.17
106,Nizhniy Kuranakh,RU,2021-12-10 02:36:58,58.8353,125.4869,1.94,89,91,4.5
107,Egvekinot,RU,2021-12-10 02:35:12,66.3167,-179.1667,-13.95,86,92,11.14
108,Sola,VU,2021-12-10 02:36:58,-13.8833,167.55,82.9,72,98,6.31
109,New Norfolk,AU,2021-12-10 02:37:00,-42.7826,147.0587,61.66,49,94,1.01
110,Maceio,BR,2021-12-10 02:33:15,-9.6658,-35.7353,80.04,83,20,5.75
111,Coquimbo,CL,2021-12-10 02:37:03,-29.9533,-71.3436,58.73,88,0,5.75
112,Murray Bridge,AU,2021-12-10 02:35:34,-35.1167,139.2667,74.32,43,0,15.57
113,Magalia,US,2021-12-10 02:37:03,39.8121,-121.5783,42.96,72,13,1.99
114,Lakes Entrance,AU,2021-12-10 02:37:07,-37.8811,147.981,61.16,69,84,10.38
115,Dehloran,IR,2021-12-10 02:37:10,32.6941,47.2679,61.2,53,0,3.33
116,Katsuura,JP,2021-12-10 02:37:12,35.1333,140.3,57.18,67,100,12.28
117,Dingle,PH,2021-12-10 02:37:12,10.9995,122.6711,82.4,78,76,16.13
118,Bethel,US,2021-12-10 02:33:28,41.3712,-73.414,34.81,72,75,3.44
119,Suntar,RU,2021-12-10 02:37:13,62.1444,117.6319,-1.14,94,100,6.38
120,Auki,SB,2021-12-10 02:37:13,-8.7676,160.7034,82.8,84,82,7.27
121,Byron Bay,AU,2021-12-10 02:35:30,-28.65,153.6167,87.91,61,93,1.99
122,Labuhan,ID,2021-12-10 02:37:14,-6.8844,112.2051,86.0,65,86,5.3
123,Terrace,CA,2021-12-10 02:37:15,54.5163,-128.6035,36.43,93,75,6.91
124,Mahebourg,MU,2021-12-10 02:37:17,-20.4081,57.7,75.25,94,40,5.75
125,Iracoubo,GF,2021-12-10 02:37:17,5.4802,-53.2011,77.41,91,93,7.72
126,Ulaangom,MN,2021-12-10 02:37:19,49.9811,92.0667,2.21,64,27,5.59
127,Portland,US,2021-12-10 02:32:58,45.5234,-122.6762,42.78,93,40,1.01
128,Andilamena,MG,2021-12-10 02:37:22,-17.0167,48.5833,62.62,85,100,2.8
129,Mirador,BR,2021-12-10 02:37:23,-6.3708,-44.3631,73.67,95,97,1.32
130,Cherskiy,RU,2021-12-10 02:33:11,68.75,161.3,-43.89,100,97,5.55
131,Kavieng,PG,2021-12-10 02:37:23,-2.5744,150.7967,83.91,79,89,15.17
132,Lagoa,PT,2021-12-10 02:37:25,39.05,-27.9833,62.58,61,100,9.22
133,Narsaq,GL,2021-12-10 02:37:26,60.9167,-46.05,26.82,80,78,7.87
134,Westport,US,2021-12-10 02:33:26,41.1415,-73.3579,37.2,74,90,1.01
135,Sao Joao Da Barra,BR,2021-12-10 02:38:27,-21.6403,-41.0511,69.67,86,92,6.89
136,Thompson,CA,2021-12-10 02:38:29,55.7435,-97.8558,1.56,78,90,10.36
137,Yellowknife,CA,2021-12-10 02:38:30,62.456,-114.3525,-2.58,87,90,10.36
138,Jawhar,SO,2021-12-10 02:38:32,2.7809,45.5005,69.78,82,12,8.68
139,Rome,US,2021-12-10 02:38:06,34.257,-85.1647,53.62,78,90,1.99
140,Limerick,IE,2021-12-10 02:37:46,52.6647,-8.6231,40.95,75,91,15.88
141,Nanortalik,GL,2021-12-10 02:38:33,60.1432,-45.2371,23.34,84,92,6.4
142,Georgetown,MY,2021-12-10 02:37:26,5.4112,100.3354,85.93,70,20,1.01
143,Poronaysk,RU,2021-12-10 02:38:37,49.2167,143.1167,30.6,88,91,2.15
144,Sungaipenuh,ID,2021-12-10 02:38:38,-2.0833,101.3833,66.18,98,100,0.98
145,Mitu,CO,2021-12-10 02:38:43,1.1983,-70.1733,73.81,90,99,1.5
146,San Felipe,VE,2021-12-10 02:38:47,10.3399,-68.7425,72.63,94,92,4.92
147,Ponta Do Sol,PT,2021-12-10 02:38:52,32.6667,-17.1,64.0,79,21,8.16
148,Jacareacanga,BR,2021-12-10 02:38:53,-6.2222,-57.7528,73.47,98,100,0.56
149,Tonekabon,IR,2021-12-10 02:38:53,36.8163,50.8738,60.75,80,5,4.36
150,Kavaratti,IN,2021-12-10 02:38:55,10.5669,72.642,82.6,72,58,10.22
151,Hamilton,US,2021-12-10 02:38:55,39.1834,-84.5333,56.25,60,90,9.22
152,Makokou,GA,2021-12-10 02:38:57,0.5738,12.8642,70.66,87,8,1.39
153,Aguimes,ES,2021-12-10 02:38:57,27.9054,-15.4461,61.43,77,75,23.02
154,Bredasdorp,ZA,2021-12-10 02:38:58,-34.5322,20.0403,65.28,92,99,8.05
155,Ketchikan,US,2021-12-10 02:35:21,55.3422,-131.6461,34.27,93,75,5.75
156,Muros,ES,2021-12-10 02:39:00,42.7762,-9.0603,58.98,96,100,16.53
157,Limon,CR,2021-12-10 02:39:01,10.0,-83.0333,76.95,81,13,3.4
158,Udachnyy,RU,2021-12-10 02:39:01,66.4167,112.4,-11.06,95,97,6.64
159,Ormara,PK,2021-12-10 02:39:02,25.2088,64.6357,70.63,48,1,5.53
160,Ulladulla,AU,2021-12-10 02:39:07,-35.35,150.4667,60.1,95,100,24.36
161,Dryden,CA,2021-12-10 02:35:34,49.7833,-92.7503,21.49,79,1,13.8
162,Hofn,IS,2021-12-10 02:39:12,64.2539,-15.2082,37.63,73,89,19.39
163,Karasburg,NA,2021-12-10 02:39:12,-28.0167,18.75,66.13,26,6,4.09
164,Kangaatsiaq,GL,2021-12-10 02:39:14,68.3065,-53.4641,21.9,89,97,5.64
165,Naze,JP,2021-12-10 02:39:15,28.3667,129.4833,68.92,47,25,3.24
166,Am Timan,TD,2021-12-10 02:39:17,11.0297,20.2827,69.8,25,0,6.6
167,Chalons-En-Champagne,FR,2021-12-10 02:39:19,48.9539,4.3672,39.78,92,100,17.02
168,Birin,NP,2021-12-10 02:39:23,26.8865,88.0718,56.57,63,4,2.26
169,Saskylakh,RU,2021-12-10 02:39:27,71.9167,114.0833,-13.04,98,100,6.15
170,Lac Du Bonnet,CA,2021-12-10 02:39:28,50.2536,-96.0612,17.89,92,23,8.48
171,Hue,VN,2021-12-10 02:39:31,16.4667,107.6,73.51,88,75,3.44
172,Haian,CN,2021-12-10 02:39:31,32.5436,120.45,56.66,52,1,5.82
173,Longyearbyen,SJ,2021-12-10 02:39:32,78.2186,15.6401,24.64,86,90,0.0
174,Aripuana,BR,2021-12-10 02:39:37,-9.1667,-60.6333,73.92,97,100,1.59
175,Gorom-Gorom,BF,2021-12-10 02:39:37,14.4439,-0.2361,68.11,13,94,9.82
176,Esperance,AU,2021-12-10 02:38:10,-33.8667,121.9,91.24,41,91,11.21
177,Atasu,KZ,2021-12-10 02:39:38,48.6814,71.6433,5.7,78,11,7.14
178,Sinfra,CI,2021-12-10 02:39:38,6.6167,-5.9167,72.63,93,42,2.13
179,Khani,GE,2021-12-10 02:39:40,41.9563,42.9566,38.77,87,97,2.66
180,Vanderhoof,CA,2021-12-10 02:39:42,54.0166,-124.0198,26.67,71,86,6.91
181,Ust-Omchug,RU,2021-12-10 02:39:43,61.15,149.6333,-20.52,77,95,2.53
182,Okhotsk,RU,2021-12-10 02:39:44,59.3833,143.3,3.54,82,87,9.17
183,Windhoek,NA,2021-12-10 02:39:45,-22.5594,17.0832,70.11,42,100,2.3
184,Kaeo,NZ,2021-12-10 02:40:46,-35.1,173.7833,73.42,56,41,7.4
185,Bubaque,GW,2021-12-10 02:40:47,11.2833,-15.8333,81.36,66,49,13.18
186,Baghdad,IQ,2021-12-10 02:40:48,33.3406,44.4009,46.31,71,0,4.61
187,Tuatapere,NZ,2021-12-10 02:40:52,-46.1333,167.6833,62.82,56,98,11.21
188,Codrington,AU,2021-12-10 02:40:52,-38.2667,141.9667,61.02,57,89,15.08
189,Chokurdakh,RU,2021-12-10 02:40:57,70.6333,147.9167,-47.79,100,71,3.58
190,Barrow,US,2021-12-10 02:40:53,71.2906,-156.7887,3.22,85,90,11.5
191,Goderich,CA,2021-12-10 02:36:11,43.7501,-81.7165,32.92,80,100,19.57
192,Ovsyanka,RU,2021-12-10 02:40:58,55.9575,92.5519,13.17,88,100,16.55
193,Clyde River,CA,2021-12-10 02:41:01,70.4692,-68.5914,-10.97,77,21,3.44
194,Santiago,CL,2021-12-10 02:41:07,-33.4569,-70.6483,72.86,43,0,9.22
195,Okha,RU,2021-12-10 02:41:08,53.5739,142.9478,26.98,87,100,8.21
196,Abu Kamal,SY,2021-12-10 02:41:08,34.4506,40.9171,50.83,69,0,5.01
197,Hisor,TJ,2021-12-10 02:41:10,38.525,68.5512,33.55,12,0,3.44
198,Kaitangata,NZ,2021-12-10 02:41:12,-46.2817,169.8464,60.93,63,61,8.1
199,Winneba,GH,2021-12-10 02:41:12,5.3511,-0.6231,82.87,85,1,5.77
200,Asfi,MA,2021-12-10 02:41:13,32.2994,-9.2372,55.53,78,0,18.61
201,Muroto,JP,2021-12-10 02:41:14,33.2833,134.15,59.04,55,13,4.45
202,Vila Velha,BR,2021-12-10 02:41:15,-20.3297,-40.2925,69.94,91,40,4.61
203,Kuytun,RU,2021-12-10 02:41:15,54.3419,101.5036,10.0,81,100,8.88
204,Port Moresby,PG,2021-12-10 02:41:16,-9.4431,147.1797,89.02,58,75,9.22
205,Payo,ID,2021-12-10 02:41:17,-3.7508,103.6372,75.38,96,98,3.15
206,Champerico,GT,2021-12-10 02:41:17,14.3,-91.9167,81.03,79,0,7.9
207,Pamekasan,ID,2021-12-10 02:41:22,-7.1568,113.4746,85.68,65,33,3.06
208,Idah,NG,2021-12-10 02:41:23,7.1065,6.7342,72.61,32,4,1.48
209,Fort Nelson,CA,2021-12-10 02:41:23,58.8053,-122.7002,6.39,85,90,2.3
210,Mansa,IN,2021-12-10 02:41:27,29.9833,75.3833,57.51,37,0,3.02
211,San Cristobal,VE,2021-12-10 02:41:29,7.7669,-72.225,71.78,96,100,2.57
212,Wakema,MM,2021-12-10 02:41:31,16.6,95.1833,80.1,65,0,7.81
213,Sorong,ID,2021-12-10 02:37:36,-0.8833,131.25,85.03,69,99,6.13
214,Bendigo,AU,2021-12-10 02:38:25,-36.7667,144.2833,73.85,42,0,1.99
215,Moundou,TD,2021-12-10 02:41:32,8.5667,16.0833,70.65,29,9,3.33
216,Faanui,PF,2021-12-10 02:41:33,-16.4833,-151.75,81.16,70,9,12.26
217,Timmins,CA,2021-12-10 02:39:38,48.4669,-81.3331,10.22,79,90,13.8
218,Olafsvik,IS,2021-12-10 02:41:37,64.8945,-23.7142,36.48,78,100,14.74
219,Angol,CL,2021-12-10 02:41:38,-37.8,-72.7167,66.72,55,0,4.92
220,Hauterive,FR,2021-12-10 02:41:48,46.0901,3.4459,41.09,91,100,12.17
221,Havoysund,NO,2021-12-10 02:41:49,70.9963,24.6622,22.08,66,38,10.69
222,Fare,PF,2021-12-10 02:41:52,-16.7,-151.0167,80.96,71,9,12.28
223,San Carlos,VE,2021-12-10 02:41:53,9.6612,-68.5827,74.3,81,97,4.07
224,Cernavoda,RO,2021-12-10 02:41:55,44.3667,28.0167,52.11,80,23,18.1
225,Karwar,IN,2021-12-10 02:41:57,14.8,74.1333,79.0,72,0,6.89
226,Bengkulu,ID,2021-12-10 02:41:58,-3.8004,102.2655,74.14,93,100,8.77
227,Praia Da Vitoria,PT,2021-12-10 02:42:00,38.7333,-27.0667,62.76,82,75,6.58
228,Alice Springs,AU,2021-12-10 02:38:08,-23.7,133.8833,81.95,20,0,10.36
229,Prince George,CA,2021-12-10 02:37:20,53.9166,-122.753,23.61,86,40,6.91
230,Sinnamary,GF,2021-12-10 02:42:12,5.3833,-52.95,77.86,91,97,7.61
231,Erdenet,MN,2021-12-10 02:43:13,49.0333,104.0833,11.44,85,96,2.68
232,Zhangjiakou,CN,2021-12-10 02:43:13,40.81,114.8794,32.4,44,97,3.58
233,Khatanga,RU,2021-12-10 02:43:14,71.9667,102.5,-17.64,97,99,8.68
234,Souillac,MU,2021-12-10 02:43:15,-20.5167,57.5167,75.36,94,40,5.75
235,Filingue,NE,2021-12-10 02:43:15,14.3521,3.3168,66.9,14,18,10.29
236,Comodoro Rivadavia,AR,2021-12-10 02:41:58,-45.8667,-67.5,57.06,72,0,9.22
237,Tagusao,PH,2021-12-10 02:43:16,9.1924,117.8141,83.57,72,96,7.74
238,Port Lincoln,AU,2021-12-10 02:43:17,-34.7333,135.8667,63.84,53,44,11.54
239,Maniitsoq,GL,2021-12-10 02:43:23,65.4167,-52.9,21.38,70,98,10.71
240,Novomykolayivka,UA,2021-12-10 02:43:24,47.9781,35.9102,43.05,93,100,5.44
241,Aswan,EG,2021-12-10 02:43:25,24.0934,32.907,56.53,64,9,9.8
242,Yzeure,FR,2021-12-10 02:43:27,46.5644,3.355,41.29,96,100,8.01
243,Kruisfontein,ZA,2021-12-10 02:43:28,-34.0033,24.7314,65.88,96,100,2.71
244,Pacific Grove,US,2021-12-10 02:43:30,36.6177,-121.9166,53.28,79,16,1.01
245,Rafai,CF,2021-12-10 02:43:31,4.95,23.9167,65.52,41,88,2.21
246,Adiake,CI,2021-12-10 02:43:33,5.2863,-3.304,80.19,84,20,4.52
247,Sao Filipe,CV,2021-12-10 02:43:37,14.8961,-24.4956,74.16,68,82,11.88
248,Pevek,RU,2021-12-10 02:43:38,69.7008,170.3133,-25.83,98,99,6.89
249,Torbay,CA,2021-12-10 02:42:32,47.6666,-52.7314,29.75,94,90,40.29
250,Alofi,NU,2021-12-10 02:43:47,-19.0595,-169.9187,75.09,94,75,6.91
251,Ban Tak,TH,2021-12-10 02:43:49,17.0432,99.0813,72.34,63,6,2.48
252,Surt,LY,2021-12-10 02:43:50,31.2089,16.5887,59.72,61,1,15.75
253,Asau,RO,2021-12-10 02:43:52,46.4333,26.4,33.76,86,100,3.29
254,Rasuceni,RO,2021-12-10 02:43:52,44.0917,25.6639,39.36,93,100,4.5
255,Ibotirama,BR,2021-12-10 02:43:53,-12.1853,-43.2206,70.34,95,39,1.23
256,Fortuna,US,2021-12-10 02:43:57,40.5982,-124.1573,46.98,71,75,0.0
257,Chowchilla,US,2021-12-10 02:44:01,37.123,-120.2602,52.11,87,90,4.61
258,Jalu,LY,2021-12-10 02:44:02,29.0331,21.5482,53.46,50,3,7.67
259,Korla,CN,2021-12-10 02:39:12,41.7597,86.1469,29.86,33,37,6.87
260,Bilma,NE,2021-12-10 02:44:07,18.6853,12.9164,61.75,15,97,8.14
261,Chuy,UY,2021-12-10 02:44:11,-33.6971,-53.4616,61.14,79,58,7.31
262,Los Alamos,US,2021-12-10 02:44:14,35.8881,-106.307,45.55,47,1,1.01
263,Karratha,AU,2021-12-10 02:44:16,-20.7377,116.8463,101.37,24,12,4.29
264,Kawalu,ID,2021-12-10 02:44:16,-7.3817,108.2082,83.32,72,79,2.28
265,Leh,IN,2021-12-10 02:44:16,34.1667,77.5833,8.58,79,92,4.52
266,Yucaipa,US,2021-12-10 02:44:17,34.0336,-117.0431,49.24,93,90,1.99
267,Chifeng,CN,2021-12-10 02:40:01,42.2683,118.9636,33.94,38,0,5.88
268,Muyezerskiy,RU,2021-12-10 02:44:18,63.9333,31.65,2.93,97,97,4.38
269,Hasaki,JP,2021-12-10 02:44:20,35.7333,140.8333,52.29,66,100,13.96
270,Akyab,MM,2021-12-10 02:44:22,20.15,92.9,78.75,69,0,2.64
271,Abha,SA,2021-12-10 02:40:52,18.2164,42.5053,44.42,26,0,0.0
272,Yar-Sale,RU,2021-12-10 02:44:27,66.8333,70.8333,3.79,91,100,7.78
273,Xiongyue,CN,2021-12-10 02:44:32,40.1774,122.1228,42.57,63,4,12.55
274,Yunyang,CN,2021-12-10 02:45:33,33.4474,112.7142,50.32,54,100,3.49
275,Melfort,CA,2021-12-10 02:42:16,52.8667,-104.6177,12.96,79,19,11.5
276,San Patricio,US,2021-12-10 02:41:48,28.017,-97.5169,75.88,89,18,13.38
277,Ariquemes,BR,2021-12-10 02:45:35,-9.9133,-63.0408,73.78,97,100,1.86
278,Valparaiso,CL,2021-12-10 02:42:36,-33.0393,-71.6273,58.64,82,0,4.61
279,Kempele,FI,2021-12-10 02:45:37,64.9131,25.5034,15.96,88,0,14.97
280,Bridlington,GB,2021-12-10 02:45:38,54.0831,-0.1919,42.98,82,100,22.21
281,Peace River,CA,2021-12-10 02:45:38,56.2501,-117.286,23.31,63,75,11.5
282,Maragogi,BR,2021-12-10 02:45:40,-9.0122,-35.2225,78.89,82,89,10.02
283,Neiafu,TO,2021-12-10 02:45:42,-18.65,-173.9833,83.08,74,75,8.05
284,Northam,GB,2021-12-10 02:45:43,51.0333,-4.2167,46.62,69,71,29.93
285,Yumen,CN,2021-12-10 02:45:45,40.2833,97.2,26.96,55,100,4.09
286,Shenjiamen,CN,2021-12-10 02:45:46,29.9576,122.298,58.23,65,0,8.86
287,Nalut,LY,2021-12-10 02:45:46,30.3333,10.85,43.16,59,0,6.89
288,Genhe,CN,2021-12-10 02:45:47,50.7833,121.5167,15.08,82,70,2.48
289,Rocha,UY,2021-12-10 02:45:26,-34.4833,-54.3333,58.14,91,94,5.41
290,Lebu,CL,2021-12-10 02:45:47,-37.6167,-73.65,56.16,89,0,15.46
291,Mogadishu,SO,2021-12-10 02:45:48,2.0371,45.3438,76.66,74,36,16.55
292,Rio Gallegos,AR,2021-12-10 02:41:33,-51.6226,-69.2181,57.25,51,75,9.22
293,Viedma,AR,2021-12-10 02:45:49,-40.8135,-62.9967,59.13,86,0,9.82
294,Porto Velho,BR,2021-12-10 02:45:16,-8.7619,-63.9039,77.05,94,40,2.3
295,Honningsvag,NO,2021-12-10 02:45:51,70.9821,25.9704,26.42,79,14,24.52
296,Monywa,MM,2021-12-10 02:45:52,22.1167,95.1333,77.16,67,8,4.43
297,Luau,AO,2021-12-10 02:45:53,-10.7073,22.2247,62.37,96,81,1.92
298,Dwarka,IN,2021-12-10 02:45:20,22.2394,68.9678,72.7,52,2,14.7
299,Laguna,US,2021-12-10 02:45:53,38.421,-121.4238,51.48,82,1,1.01
300,Liverpool,GB,2021-12-10 02:45:57,53.4106,-2.9779,44.82,78,20,11.01
301,Shishou,CN,2021-12-10 02:45:58,29.7226,112.419,58.84,44,85,4.52
302,Zharkent,KZ,2021-12-10 02:45:58,44.1628,80.0,25.27,38,0,3.87
303,Machhlishahr,IN,2021-12-10 02:45:58,25.6833,82.4167,60.75,41,24,4.56
304,Morondava,MG,2021-12-10 02:45:59,-20.2833,44.2833,79.56,82,23,6.11
305,Dunedin,NZ,2021-12-10 02:45:59,-45.8742,170.5036,60.8,60,70,1.99
306,Moron,AR,2021-12-10 02:43:13,-34.6534,-58.6198,73.96,86,100,5.99
307,Avera,US,2021-12-10 02:45:09,33.194,-82.5271,51.46,85,17,4.88
308,Leeton,AU,2021-12-10 02:46:01,-34.5667,146.4,76.89,40,90,11.5
309,Itoman,JP,2021-12-10 02:46:02,26.1247,127.6694,75.22,51,20,10.36
310,Pangody,RU,2021-12-10 02:46:04,65.85,74.4859,1.29,98,100,7.83
311,Borzya,RU,2021-12-10 02:46:07,50.3833,116.5167,11.57,80,100,2.73
312,Namtsy,RU,2021-12-10 02:46:12,62.7161,129.6658,-11.09,98,100,2.77
313,Kyaikkami,MM,2021-12-10 02:46:13,16.08,97.5675,78.28,66,32,7.96
314,Sovetskiy,RU,2021-12-10 02:46:13,61.3614,63.5842,25.68,97,100,7.76
315,San Vicente,AR,2021-12-10 02:42:28,-26.6167,-54.1333,62.67,53,0,3.2
316,Norman Wells,CA,2021-12-10 02:46:15,65.282,-126.8329,-7.56,84,40,2.3
317,Buraydah,SA,2021-12-10 02:46:17,26.326,43.975,52.25,41,5,8.68
318,Arkhangelsk,RU,2021-12-10 02:46:18,64.5401,40.5433,-2.09,84,20,0.0
319,Petropavlovsk-Kamchatskiy,RU,2021-12-10 02:46:20,53.0452,158.6483,19.99,93,90,6.71
320,Zyryanka,RU,2021-12-10 02:46:21,65.75,150.85,-45.29,97,69,5.48
321,Sept-Iles,CA,2021-12-10 02:46:21,50.2001,-66.3821,5.52,66,1,10.36
322,Grand Gaube,MU,2021-12-10 02:46:22,-20.0064,57.6608,76.37,75,56,3.0
323,Richards Bay,ZA,2021-12-10 02:47:23,-28.783,32.0377,71.4,95,37,4.25
324,Port Blair,IN,2021-12-10 02:47:26,11.6667,92.75,81.91,66,30,14.45
325,San Jose,US,2021-12-10 02:45:22,37.3394,-121.895,52.77,78,20,4.61
326,Masterton,NZ,2021-12-10 02:47:27,-40.9597,175.6575,74.97,60,100,0.94
327,Tygda,RU,2021-12-10 02:47:28,53.1167,126.3333,15.28,55,43,5.17
328,Turukhansk,RU,2021-12-10 02:47:28,65.8167,87.9833,-30.03,100,93,1.21
329,Sturgeon Bay,US,2021-12-10 02:47:31,44.8342,-87.377,35.96,80,90,9.22
330,Mount Isa,AU,2021-12-10 02:47:32,-20.7333,139.5,89.37,10,3,10.36
331,Blagoveshchensk,RU,2021-12-10 02:47:47,50.2667,127.5333,14.61,79,20,6.71
332,Talnakh,RU,2021-12-10 02:46:27,69.4865,88.3972,-27.51,100,72,4.61
333,Beloomut,RU,2021-12-10 02:47:48,54.9448,39.3394,3.88,95,6,5.75
334,Uchiza,PE,2021-12-10 02:47:50,-8.4592,-76.4633,71.46,98,100,2.35
335,Lata,PT,2021-12-10 02:47:54,40.1629,-8.3327,54.81,97,100,4.74
336,Sangar,RU,2021-12-10 02:47:54,63.9242,127.4739,-11.47,96,100,7.61
337,Salalah,OM,2021-12-10 02:44:14,17.0151,54.0924,78.89,50,75,10.36
338,Green River,US,2021-12-10 02:47:55,41.5286,-109.4662,28.98,70,100,1.99
339,Dicabisagan,PH,2021-12-10 02:47:55,17.0818,122.4157,74.44,86,94,8.66
340,Roma,US,2021-12-10 02:47:56,43.2128,-75.4557,32.85,81,75,9.22
341,Fairbanks,US,2021-12-10 02:47:58,64.8378,-147.7164,16.3,87,40,8.05
342,Vysha,RU,2021-12-10 02:47:58,53.8477,42.3777,21.54,88,84,7.14
343,Nenjiang,CN,2021-12-10 02:48:00,49.1833,125.2167,19.6,83,100,10.02
344,Cocentaina,ES,2021-12-10 02:48:01,38.7398,-0.4398,56.59,66,63,19.51
345,Peniche,PT,2021-12-10 02:48:01,39.3558,-9.3811,56.68,83,100,15.55
346,Banda Aceh,ID,2021-12-10 02:48:02,5.5577,95.3222,83.16,71,89,13.24
347,Galle,LK,2021-12-10 02:46:12,6.0367,80.217,78.96,73,100,5.46
348,Panzhihua,CN,2021-12-10 02:48:03,26.5851,101.7128,63.16,60,0,0.54
349,Muswellbrook,AU,2021-12-10 02:45:15,-32.2667,150.9,72.03,38,9,12.86
350,Hun,LY,2021-12-10 02:48:07,29.1268,15.9477,48.11,37,0,7.09
351,Moose Jaw,CA,2021-12-10 02:47:47,50.4001,-105.5344,17.85,73,5,16.11
352,Holme,DK,2021-12-10 02:48:09,56.1138,10.1725,36.64,92,100,9.91
353,Glyadyanskoye,RU,2021-12-10 02:48:16,54.9075,65.0883,9.01,78,56,9.73
354,Brae,GB,2021-12-10 02:48:17,60.3964,-1.353,44.51,78,100,20.6
355,Sur,OM,2021-12-10 02:48:23,22.5667,59.5289,70.59,48,1,3.15
356,Kafue,ZM,2021-12-10 02:48:27,-15.7691,28.1814,72.88,48,34,4.9
357,Kahului,US,2021-12-10 02:47:33,20.8947,-156.47,80.62,77,40,24.16
358,Ngaoundere,CM,2021-12-10 02:48:33,7.3167,13.5833,63.72,27,14,3.71
359,Kairana,IN,2021-12-10 02:44:15,29.4,77.2,58.91,49,0,2.68
360,Svetlyy,RU,2021-12-10 02:48:37,54.675,20.1347,30.25,96,100,15.32
361,Humberto De Campos,BR,2021-12-10 02:48:40,-2.5983,-43.4611,76.42,92,78,4.03
362,Guerrero Negro,MX,2021-12-10 02:48:45,27.9769,-114.0611,63.63,77,100,5.06
363,Vao,NC,2021-12-10 02:48:46,-22.6667,167.4833,79.38,80,7,12.28
364,Chapais,CA,2021-12-10 02:46:29,49.7834,-74.8492,-4.22,98,100,5.53
365,At-Bashi,KG,2021-12-10 02:48:46,41.1702,75.8106,6.37,68,5,1.39
366,Shubarkuduk,KZ,2021-12-10 02:48:47,49.1447,56.4872,31.68,42,100,19.62
367,Turinsk,RU,2021-12-10 02:48:53,58.0458,63.696,20.8,75,100,10.36
368,Saint-Augustin,CA,2021-12-10 02:48:55,51.226,-58.6502,16.88,56,100,20.98
369,Sakakah,SA,2021-12-10 02:50:12,29.9697,40.2064,45.97,57,27,5.84
370,Mapiripan,CO,2021-12-10 02:50:15,2.8892,-72.1256,75.9,81,100,4.59
371,Ust-Kuyga,RU,2021-12-10 02:50:16,70.0167,135.6,-32.51,99,100,6.29
372,Saquena,PE,2021-12-10 02:50:16,-4.6667,-73.5167,74.68,96,100,2.86
373,Sorland,NO,2021-12-10 02:50:17,67.667,12.6934,35.58,66,100,16.87
374,Coahuayana,MX,2021-12-10 02:50:19,18.7333,-103.6833,73.6,91,72,2.48
375,Olavarria,AR,2021-12-10 02:50:23,-36.8927,-60.3225,67.01,82,100,5.37
376,Catina,IT,2021-12-10 02:50:27,37.5021,15.0872,50.0,74,0,5.99
377,Requena,ES,2021-12-10 02:50:28,39.4883,-1.1004,50.86,83,23,24.56
378,Puri,IN,2021-12-10 02:50:37,19.8,85.85,73.38,76,0,7.65
379,Dongsheng,CN,2021-12-10 02:50:47,39.8161,109.9776,33.75,35,100,4.16
380,Oum Hadjer,TD,2021-12-10 02:50:48,13.2954,19.6966,71.65,17,0,9.48
381,Butembo,CD,2021-12-10 02:50:49,0.15,29.2833,56.28,93,15,3.13
382,Zhangye,CN,2021-12-10 02:50:53,38.9342,100.4517,32.97,40,79,4.14
383,Mali,GN,2021-12-10 02:50:55,12.079,-12.2982,60.82,27,8,3.69
384,Arlit,NE,2021-12-10 02:50:57,18.7369,7.3853,63.23,13,100,4.0
385,Znamenskoye,RU,2021-12-10 02:51:00,57.1281,73.8282,17.78,90,100,6.91
386,Ancud,CL,2021-12-10 02:46:32,-41.8697,-73.8203,60.33,92,0,3.91
387,Maputo,MZ,2021-12-10 02:48:15,-25.9653,32.5892,76.23,93,40,1.01
388,Copperas Cove,US,2021-12-10 02:51:01,31.1241,-97.9031,70.47,84,1,10.36
389,Buedu,SL,2021-12-10 02:51:07,8.2803,-10.3719,67.32,67,10,0.69
390,Ramgarh,IN,2021-12-10 02:51:12,23.6333,85.5167,66.25,54,1,3.22
391,Valdez,EC,2021-12-10 02:51:13,1.2492,-78.9831,76.87,87,99,8.84
392,Half Moon Bay,US,2021-12-10 02:51:14,37.4636,-122.4286,52.83,78,1,1.01
393,Tukrah,LY,2021-12-10 02:51:15,32.5341,20.5791,56.34,49,0,14.16
394,Sobolevo,RU,2021-12-10 02:51:17,54.4299,31.8996,24.39,93,100,11.99
395,Inhambane,MZ,2021-12-10 02:51:23,-23.865,35.3833,75.88,90,20,6.38
396,Yishui,CN,2021-12-10 02:51:27,35.7847,118.6281,49.41,54,6,1.72
397,Bushehr,IR,2021-12-10 02:51:30,28.9684,50.8385,62.69,72,8,4.61
398,Manakara,MG,2021-12-10 02:51:32,-22.1333,48.0167,74.64,84,96,4.23
399,Aklavik,CA,2021-12-10 02:51:33,68.2191,-135.0107,2.23,99,43,7.65
400,Kokstad,ZA,2021-12-10 02:51:35,-30.5472,29.4241,56.61,86,77,4.59
401,Santa Fe,AR,2021-12-10 02:50:09,-31.6333,-60.7,77.99,67,96,1.01
402,Juneau,US,2021-12-10 02:51:37,58.3019,-134.4197,35.6,95,90,6.91
403,Honiara,SB,2021-12-10 02:51:01,-9.4333,159.95,86.7,72,79,4.38
404,Baleshwar,IN,2021-12-10 02:51:41,21.4942,86.9317,73.08,70,64,3.4
405,Delano,US,2021-12-10 02:51:43,35.7688,-119.247,52.38,81,90,0.0
406,Ballarat,AU,2021-12-10 02:51:17,-37.5662,143.8496,63.5,52,86,9.53
407,Kikwit,CD,2021-12-10 02:51:46,-5.041,18.8162,68.65,98,77,1.54
408,Victoria,HK,2021-12-10 02:51:16,22.2855,114.1577,74.25,68,1,1.01
409,Yarada,IN,2021-12-10 02:51:46,17.65,83.2667,77.32,61,20,8.05
410,Zhangzhou,CN,2021-12-10 02:51:47,24.5133,117.6556,71.53,45,0,1.61
411,Margate,GB,2021-12-10 02:51:53,51.3813,1.3862,46.96,94,100,1.01
412,Burnie,AU,2021-12-10 02:51:57,-41.0667,145.9167,64.92,63,64,10.16
413,Safita,SY,2021-12-10 02:52:00,34.8205,36.1153,46.38,79,4,7.43
414,Lompoc,US,2021-12-10 02:47:33,34.6391,-120.4579,53.42,76,1,11.5
415,Tranas,SE,2021-12-10 02:52:07,58.0372,14.9782,31.6,98,100,5.57
416,Chicama,PE,2021-12-10 02:52:17,-7.8447,-79.1469,69.13,77,100,3.38
417,High Level,CA,2021-12-10 02:52:23,58.5169,-117.136,6.91,85,1,2.3
418,Mayumba,GA,2021-12-10 02:53:26,-3.432,10.6554,77.13,92,92,5.14
419,Kayerkan,RU,2021-12-10 02:53:27,69.3497,87.7602,-27.74,100,71,1.39
420,Salamanca,ES,2021-12-10 02:53:37,40.8333,-6.0,48.74,93,100,15.73
421,Riyadh,SA,2021-12-10 02:53:43,24.6877,46.7219,53.74,47,23,7.76
422,Imbituba,BR,2021-12-10 02:51:09,-28.24,-48.6703,68.83,81,81,5.08
423,Hovd,MN,2021-12-10 02:53:48,48.0056,91.6419,10.17,68,11,4.5
424,Khandyga,RU,2021-12-10 02:53:53,62.6667,135.6,-10.12,95,100,3.65
425,Madimba,TZ,2021-12-10 02:53:55,-10.4,40.3333,79.27,73,75,5.3
426,Hohhot,CN,2021-12-10 02:53:57,40.8106,111.6522,23.29,80,100,4.47
427,La Presa,US,2021-12-10 02:53:58,32.7081,-116.9973,57.96,91,90,1.01
428,Katunino,RU,2021-12-10 02:53:58,64.3862,40.6298,-2.31,96,97,5.46
429,Cockburn Town,TC,2021-12-10 02:54:00,21.4612,-71.1419,79.59,71,1,17.27
430,Adrar,MR,2021-12-10 02:54:01,20.5022,-10.0711,64.45,14,100,10.87
431,Kismayo,SO,2021-12-10 02:54:02,-0.3582,42.5454,79.74,74,74,11.56
432,Celestun,MX,2021-12-10 02:54:07,20.8667,-90.4,76.66,73,100,10.49
433,Charagua,BO,2021-12-10 02:54:17,-19.8,-63.2167,74.48,60,47,0.67
434,Palasa,IN,2021-12-10 02:54:23,18.7667,84.4167,73.15,76,0,7.7
435,Devrek,TR,2021-12-10 02:54:27,41.2192,31.9558,46.65,72,0,6.64
436,Constitucion,CL,2021-12-10 02:54:27,-35.3333,-72.4167,55.72,93,8,0.11
437,Mahanoro,MG,2021-12-10 02:54:32,-19.9,48.8,76.91,75,87,2.04
438,Mega,ET,2021-12-10 02:54:32,4.05,38.3,57.69,54,5,9.89
439,Pak Phanang,TH,2021-12-10 02:54:37,8.3511,100.202,85.03,74,43,9.24
440,Ararat,AM,2021-12-10 02:54:38,39.8317,44.7049,32.34,72,23,3.31
441,Motygino,RU,2021-12-10 02:54:40,58.1831,94.7592,7.0,92,100,12.82
442,Evensk,RU,2021-12-10 02:54:42,61.95,159.2333,-25.98,82,5,5.46
443,Matara,LK,2021-12-10 02:54:42,5.9485,80.5353,79.9,71,100,9.84
444,Puerto Escondido,MX,2021-12-10 02:54:43,15.85,-97.0667,79.41,78,88,5.19
445,Cali,CO,2021-12-10 02:49:52,3.4372,-76.5225,71.6,83,75,6.91
446,Mokhsogollokh,RU,2021-12-10 02:54:43,61.4681,128.9203,-11.78,98,89,2.62
447,Tabuk,PH,2021-12-10 02:54:45,17.4189,121.4443,76.84,67,60,5.61
448,Karhal,IN,2021-12-10 02:54:46,27.0003,78.9414,60.66,48,0,4.23
449,Pemangkat,ID,2021-12-10 02:54:47,1.1667,108.9667,82.74,76,100,8.08
450,Yevsino,RU,2021-12-10 02:54:47,54.4172,83.3222,5.16,95,100,12.8
451,Nyakabindi,TZ,2021-12-10 02:54:53,-2.6333,33.9833,65.37,88,100,3.83
452,Hualmay,PE,2021-12-10 02:54:57,-11.0964,-77.6139,66.85,85,96,7.47
453,Price,US,2021-12-10 02:55:01,39.5994,-110.8107,39.11,86,90,12.66
454,Mackay,AU,2021-12-10 02:55:02,-21.15,149.2,91.69,62,71,13.8
455,Itarema,BR,2021-12-10 02:55:08,-2.9248,-39.9167,80.49,80,41,13.0
456,Biltine,TD,2021-12-10 02:55:12,14.5333,20.9167,68.34,13,0,9.78
457,Bosaso,SO,2021-12-10 02:55:13,11.2842,49.1816,72.43,71,5,3.56
458,Mitzic,GA,2021-12-10 02:55:13,0.7821,11.549,68.83,96,33,1.77
459,Guane,CU,2021-12-10 02:55:14,22.2025,-84.0875,72.64,83,2,4.72
460,Kodiak,US,2021-12-10 02:52:31,57.79,-152.4072,36.91,65,75,4.61
461,Bonthe,SL,2021-12-10 02:55:15,7.5264,-12.505,78.78,83,49,1.21
462,Urumqi,CN,2021-12-10 02:55:17,43.801,87.6005,14.95,86,75,4.47
463,Turayf,SA,2021-12-10 02:55:20,31.6725,38.6637,41.25,93,0,8.05
464,Frankfort,ZA,2021-12-10 02:55:23,-27.2667,28.4833,59.56,74,51,1.99
465,General Roca,AR,2021-12-10 02:55:24,-39.0333,-67.5833,68.4,37,0,7.83
466,Uruzgan,AF,2021-12-10 02:56:26,32.8333,66.0,38.25,14,0,5.39
467,Andenes,NO,2021-12-10 02:56:27,69.3143,16.1194,24.78,80,74,11.5
468,Tura,IN,2021-12-10 02:56:33,25.5198,90.2201,71.74,64,0,1.92
469,Oyon,PE,2021-12-10 02:56:34,-10.6681,-76.7731,50.25,86,100,2.62
470,Roald,NO,2021-12-10 02:56:38,62.5833,6.1333,39.34,52,8,17.27
471,Praia,CV,2021-12-10 02:56:38,14.9215,-23.5087,72.14,78,20,19.57
472,Panguna,PG,2021-12-10 02:56:41,-6.3164,155.4848,78.55,77,100,2.8
473,Nemuro,JP,2021-12-10 02:56:47,43.3236,145.575,39.63,68,4,8.1
474,Bobrovytsya,UA,2021-12-10 02:56:48,50.75,31.3833,40.89,98,100,8.57
475,Boa Vista,BR,2021-12-10 02:56:51,2.8197,-60.6733,80.58,83,40,2.3
476,Iqaluit,CA,2021-12-10 02:56:51,63.7506,-68.5145,4.73,72,75,8.05
477,Reconquista,AR,2021-12-10 02:56:53,-29.15,-59.65,71.11,33,3,7.11
478,Tiarei,PF,2021-12-10 02:56:54,-17.5333,-149.3333,84.22,66,11,10.74
479,Phan Thiet,VN,2021-12-10 02:56:55,10.9333,108.1,80.13,60,42,6.13
480,Talara,PE,2021-12-10 02:56:57,-4.5772,-81.2719,67.5,85,100,10.38
481,Cervo,ES,2021-12-10 02:56:58,43.6702,-7.4101,59.2,90,100,25.59
482,Mizdah,LY,2021-12-10 02:57:01,31.4451,12.9801,43.45,67,0,6.85
483,Lavrentiya,RU,2021-12-10 02:57:01,65.5833,-171.0,-6.36,83,84,10.0
484,Libertador General San Martin,AR,2021-12-10 02:57:02,-23.8064,-64.7876,76.98,76,100,3.49
485,Cayenne,GF,2021-12-10 02:57:07,4.9333,-52.3333,81.09,86,90,5.01
486,Aykhal,RU,2021-12-10 02:57:08,66.0,111.5,-11.69,97,100,13.06
487,Eyl,SO,2021-12-10 02:57:12,7.9803,49.8164,72.84,71,24,17.16
488,Ugoofaaru,MV,2021-12-10 02:57:13,5.6667,73.0,80.64,80,90,9.1
489,Qaanaaq,GL,2021-12-10 02:57:13,77.484,-69.3632,-1.35,78,34,8.37
490,Abalak,RU,2021-12-10 02:57:14,58.1286,68.5944,17.02,75,100,9.73
491,The Pas,CA,2021-12-10 02:57:15,53.8251,-101.2541,17.62,86,75,8.05
492,Belaya Gora,RU,2021-12-10 02:57:17,68.5333,146.4167,-42.7,99,90,2.28
493,Chernyshevskiy,RU,2021-12-10 02:57:24,63.0128,112.4714,-2.7,95,100,8.81
494,Ekhabi,RU,2021-12-10 02:57:27,53.5102,142.9671,26.69,89,100,8.34
495,Bowen,AU,2021-12-10 02:57:31,-20.0167,148.2333,91.62,63,64,11.88
496,Montego Bay,JM,2021-12-10 02:57:33,18.4712,-77.9188,78.6,78,20,4.61
497,San Quintin,MX,2021-12-10 02:57:33,30.4833,-115.95,59.56,85,93,7.27
498,Umm Lajj,SA,2021-12-10 02:57:37,25.0213,37.2685,75.4,26,4,10.8
499,Davila,PH,2021-12-10 02:57:38,18.4726,120.5763,84.18,63,44,23.09
500,Wattegama,LK,2021-12-10 02:57:40,6.7989,81.4808,80.17,74,92,7.4
501,Fairlie,GB,2021-12-10 02:57:41,55.756,-4.8556,41.0,88,23,19.08
502,Tilichiki,RU,2021-12-10 02:57:42,60.4667,166.1,-16.1,87,10,7.23
503,Palo Negro,VE,2021-12-10 02:57:43,10.1739,-67.5419,70.14,94,91,3.98
504,Ozernovskiy,RU,2021-12-10 02:57:44,51.5,156.5167,35.65,93,98,15.9
505,Saldanha,ZA,2021-12-10 02:57:46,-33.0117,17.9442,60.85,96,29,0.98
506,Bambous Virieux,MU,2021-12-10 02:57:46,-20.3428,57.7575,77.22,94,40,5.75
507,Izberbash,RU,2021-12-10 02:57:47,42.5696,47.8645,51.85,83,55,4.45
508,Harper,LR,2021-12-10 02:57:52,4.375,-7.7169,79.16,86,56,8.59
509,The Valley,AI,2021-12-10 02:57:53,18.217,-63.0578,80.1,72,2,19.84
510,Semporna,MY,2021-12-10 02:58:54,4.4818,118.6112,82.6,82,100,11.34
511,Caravelas,BR,2021-12-10 02:58:54,-17.7125,-39.2481,72.03,97,100,3.38
512,Termoli,IT,2021-12-10 02:58:54,41.9888,14.9895,45.01,80,62,12.53
513,Sindgi,IN,2021-12-10 02:58:58,16.9167,76.2333,73.45,71,31,10.94
514,Russell,US,2021-12-10 02:58:59,32.3502,-85.1999,54.97,91,82,4.65
515,Lawton,US,2021-12-10 02:59:08,34.6087,-98.3903,60.42,39,10,7.0
516,Geraldton,AU,2021-12-10 02:59:11,-28.7667,114.6,77.13,57,90,13.8
517,Dubrovnik,HR,2021-12-10 02:58:44,42.6481,18.0922,46.04,81,75,11.5
518,Agadez,NE,2021-12-10 02:59:12,19.75,10.25,58.37,16,87,5.1
519,Tsogni,GA,2021-12-10 02:59:12,-2.7942,10.0988,76.46,92,100,4.07
520,Pangnirtung,CA,2021-12-10 02:59:13,66.1451,-65.7125,-6.03,92,100,3.15
521,Camacupa,AO,2021-12-10 02:59:13,-12.0167,17.4833,59.43,97,100,0.54
522,Hinton,CA,2021-12-10 02:59:14,53.4001,-117.5857,19.44,70,96,7.45
523,Hirara,JP,2021-12-10 02:59:15,24.8,125.2833,75.47,60,75,14.97
524,Atambua,ID,2021-12-10 02:59:15,-9.1061,124.8925,85.41,63,34,3.78
525,Rio Grande,BR,2021-12-10 02:59:16,-32.035,-52.0986,65.95,67,6,13.62
526,Atar,MR,2021-12-10 02:59:17,20.5169,-13.0499,63.1,14,99,10.27
527,Noyabrsk,RU,2021-12-10 02:59:17,63.1994,75.4507,0.45,96,96,9.08
528,Pierre,US,2021-12-10 02:59:17,44.3683,-100.351,40.05,57,100,8.01
529,Smyrna,US,2021-12-10 02:55:41,33.884,-84.5144,49.62,85,90,1.01
530,Melfi,IT,2021-12-10 02:59:19,40.9965,15.6514,41.49,91,100,5.08
531,Asyut,EG,2021-12-10 02:59:19,27.181,31.1837,56.89,53,100,4.9
532,Barcelos,PT,2021-12-10 02:57:09,41.5388,-8.6151,55.54,96,100,10.76
533,Malkangiri,IN,2021-12-10 02:59:24,18.35,81.9,75.22,77,31,1.21
534,Taoudenni,ML,2021-12-10 02:59:26,22.6783,-3.9836,65.44,12,100,12.53
535,Dargaville,NZ,2021-12-10 02:59:27,-35.9333,173.8833,75.45,63,22,8.16
536,Hudson Bay,CA,2021-12-10 02:56:00,52.85,-102.3842,7.43,96,25,5.77
537,Sabla,NG,2021-12-10 02:59:28,12.7525,4.7077,65.68,16,15,10.29
538,Igarka,RU,2021-12-10 02:59:32,67.4667,86.5833,-20.85,97,7,8.12
539,Wau,SS,2021-12-10 02:59:32,7.7029,27.9953,72.32,32,71,4.94
540,Goure,NE,2021-12-10 02:59:33,13.9835,10.2704,69.03,14,0,9.78
541,Ometepec,MX,2021-12-10 02:59:33,16.6833,-98.4167,71.64,86,36,1.86
542,Temir,KZ,2021-12-10 02:59:37,49.1414,57.13,27.63,57,100,15.43
543,Mirabela,BR,2021-12-10 02:59:39,-16.2628,-44.1644,68.25,99,55,3.09
544,Shelburne,CA,2021-12-10 02:56:14,44.0787,-80.2041,28.29,96,100,13.13
545,Rovaniemi,FI,2021-12-10 02:59:39,66.5,25.7167,13.41,85,75,12.66
546,Castro Marim,PT,2021-12-10 02:59:39,37.2207,-7.4435,53.58,88,7,8.21
547,Ponta Delgada,PT,2021-12-10 02:59:42,37.7333,-25.6667,58.5,82,40,4.61
548,Auch,FR,2021-12-10 02:59:46,43.65,0.5833,55.26,99,100,11.99
549,Acarau,BR,2021-12-10 02:59:47,-2.8856,-40.12,80.49,80,49,12.93
550,Koslan,RU,2021-12-10 02:59:53,63.4564,48.8989,-6.09,100,98,4.99
551,Brookhaven,US,2021-12-10 02:57:45,31.5791,-90.4407,68.95,97,100,6.73
552,Butare,RW,2021-12-10 02:59:54,-2.5967,29.7394,55.44,94,42,2.62
553,Klyuchevskiy,RU,2021-12-10 02:59:56,53.5317,119.4519,9.14,81,99,1.95
554,Bako,ET,2021-12-10 02:59:57,5.7833,36.5667,63.82,53,16,4.45
555,Port Macquarie,AU,2021-12-10 02:59:31,-31.4333,152.9167,83.89,35,0,2.75
556,Pyaozerskiy,RU,2021-12-10 03:00:58,65.8333,31.1667,6.03,94,78,5.79
557,Merta,IN,2021-12-10 03:00:58,26.65,74.0333,58.84,38,0,5.06
558,Sioux Lookout,CA,2021-12-10 03:01:07,50.1001,-91.917,16.38,91,100,9.51
559,Touros,BR,2021-12-10 03:01:08,-5.1989,-35.4608,80.31,78,100,13.58
560,Vangaindrano,MG,2021-12-10 03:01:09,-23.35,47.6,74.59,86,80,4.18
561,Plettenberg Bay,ZA,2021-12-10 03:01:09,-34.0527,23.3716,65.17,96,93,3.47
562,Omsukchan,RU,2021-12-10 03:01:12,62.5333,155.8,-28.19,84,3,2.21
563,Leopold,AU,2021-12-10 03:01:13,-38.1833,144.4667,66.96,60,40,21.85
564,Ahipara,NZ,2021-12-10 03:01:13,-35.1667,173.1667,73.58,58,71,4.41
565,Xining,CN,2021-12-10 03:01:14,36.6167,101.7667,29.98,52,100,2.62
566,Kasongo-Lunda,CD,2021-12-10 03:01:14,-6.4667,16.8167,68.85,99,100,1.32
567,Analipsis,GR,2021-12-10 03:01:15,35.3167,25.5667,65.1,77,41,13.6
568,Denpasar,ID,2021-12-10 02:57:02,-8.65,115.2167,87.46,70,40,11.5
569,Saint-Pierre,RE,2021-12-10 03:01:18,-21.3393,55.4781,78.44,73,0,4.61
570,Pavlodar,KZ,2021-12-10 03:01:22,52.3,76.95,15.6,73,75,8.95
571,Turan,VN,2021-12-10 02:59:39,16.0678,108.2208,80.58,65,40,3.44
572,Puerto Colombia,CO,2021-12-10 03:01:23,10.9878,-74.9547,81.3,77,6,28.86
573,Mar Del Plata,AR,2021-12-10 03:01:23,-38.0023,-57.5575,68.09,90,100,5.99
574,Cap Malheureux,MU,2021-12-10 03:01:24,-19.9842,57.6142,78.48,72,55,1.99
575,Whitehorse,CA,2021-12-10 02:59:19,60.7161,-135.0538,7.02,91,75,28.01
576,Leon,MX,2021-12-10 02:57:21,21.1167,-101.6667,61.03,26,33,2.91
577,Naron,ES,2021-12-10 03:01:24,43.5167,-8.1528,59.04,95,100,17.63
578,Yabassi,CM,2021-12-10 03:01:25,4.457,9.9682,75.22,96,66,1.52
579,Hobyo,SO,2021-12-10 03:01:26,5.3505,48.5268,76.8,70,38,18.14
580,Qaqortoq,GL,2021-12-10 03:01:27,60.7167,-46.0333,23.5,91,55,7.63
581,Batagay-Alyta,RU,2021-12-10 03:01:28,67.8006,130.4114,-35.55,91,81,2.55
582,Komatipoort,ZA,2021-12-10 03:01:31,-25.4332,31.9548,69.04,73,85,2.73
583,Dahuk,IQ,2021-12-10 02:58:22,36.8695,42.994,45.86,76,12,3.0
